Workbook

Sheet Database
A1: Barcode Image | B1: Code / SKU | C1: Item Name | D1: Qty Per Scan | E1: Counted Qty | F1: Qtty/box | G1: Price/unit
B2: TEST123 | C2: Test Item | D2: 1 | E2: 11
B3: COTININE-TEST-DEVICE | C3: Cotinine Test Device (Ref: DCT-102) | D3: 1 | E3: 134 | G3: 1.22
B4: HCG-URINE-PREG-CASSETTE | C4: hCG Urine Pregnancy Test Cassette ( Ref: PF453 / MPH11025HCG) | D4: 1 | E4: 111 | G4: 0.96
B5: MULTI-DRUG-TEST-CUP | C5: Multi Panel Drug Urine Test Cup (Ref: HCDOAV-5) | D5: 1 | E5: 42 | G5: 3.2896
B6: PATIENT-GOWN-DISPOSABLE | C6: Patient Gown One-time (Ref: NON27046) | D6: 1 | E6: 60 | G6: 0.83
B7: PATIENT-GOWN-FABRIC | C7: Medline Patient gown fabric (Ref: MDTPG2RSBSTA) | D7: 1 | E7: 66 | G7: 2.31
B8: ANTI-EMBOLISM-STOCKINGS-XL | C8: Cardinal Health Anti-Embolism Stockings Knee Length XL (Ref: 7802) | D8: 1 | E8: 36 | G8: 4.3666
B9: ANTI-EMBOLISM-STOCKINGS-L | C9: Cardinal Health Anti-Embolism Stockings Knee Length Large (Ref: 7594) | D9: 1 | E9: 24 | G9: 4.3666
B10: ANTI-EMBOLISM-STOCKINGS-M | C10: Cardinal Health Anti-Embolism Stockings Knee Length Medium (Ref: 7115) | D10: 1 | E10: 24 | G10: 4.3666
B11: SLIPPERS-SKID-RESISTANT | C11: Medline Single Tread Slippers W/Skid-Resistant Soles (Ref: 44125Z) | D11: 1 | E11: 13 | G11: 0.7119
B12: PATIENT-BLANKET | C12: Medline Patient Blanket (Ref: NONDB4080) | D12: 1 | E12: 28 | G12: 4.737
B13: BOUFFANT-CAPS | C13: Medline Bouffant Caps (Ref: CRI1001) | D13: 1 | E13: 500 | F13: 100/box /5 boxes | G13: 0.01
B14: SURGEONS-CAPS | C14: Medline Surgeron's Caps (Ref: NON28625) | D14: 1 | E14: 200 | F14: 100/box | G14: 0.035
B15: SHOE-COVERS-LARGE | C15: Medline Shoe Covers Large (Ref: CRI2002) | D15: 1 | E15: 400 | F15: 100/box/ 4 boxes | G15: 0.0677
B16: NITRILE-GLOVES-S | C16: Exam Gloves Nitrile Size S (Ref: 5700631) | D16: 1 | E16: 0 | G16: 0.2135
B17: NITRILE-GLOVES-M | C17: Exam Gloves Nitrile Size M (Ref: 5700632) | D17: 1 | E17: 0 | G17: 0.2562
B18: NITRILE-GLOVES-L | C18: Exam Gloves Nitrile Size L (Ref: 5700633) | D18: 1 | E18: 1 | F18: 200/box | G18: 0.0766
B19: DRY-SKIN-SCRUB-TRAY | C19: Medline Premium Dry Skin Scrub Tray (Ref: DYND70661) | D19: 1 | E19: 29 | G19: 2.5115
B20: CHLORAPREP-26ML | C20: BD ChloraPrep 26ml Applicator (Ref: 930815) | D20: 1 | E20: 20 | G20: 9.1768
B21: OCUSOFT-LID-SCRUB | C21: Ocusoft Lid Scrub (Ref: 54799-301-90) | D21: 1 | E21: 0 | G21: 0.0255
B22: RETURN-ELECTRODE-ADULT-CABLE | C22: Bovie Disposable Split Adult Return Electrode with Cable (Ref: ESREC-1) | D22: 1 | E22: 7 | G22: 2.28
B23: FOLEY-CATH-TRAY-16FR | C23: Medline Silicone-Elastomer Coated Latex Foley Catheter Tray 16Fr (Ref:DYND11003) | D23: 1 | E23: 9 | G23: 8.83
B24: POST-SURGERY-BRA | C24: Post Surgery Bra | D24: 1 | E24: 0 | G24: 18.99
B25: ABDOMINAL-BINDER-62-74 | C25: McKesson Abdominal Binder 62-74 four panel (Ref: 155-79-89220) | D25: 1 | E25: 8 | G25: 13.48
B26: ABDOMINAL-BINDER-45-62 | C26: McKesson Abdominal Binder 45-62 four panel (Ref: 155-79-89091) | D26: 1 | E26: 7 | G26: 13.48
B27: ABDOMINAL-BINDER-30-45 | C27: McKesson Abdominal Binder 30-45 four panel (Ref: 155-79-89090) | D27: 1 | E27: 3 | G27: 13.48
B28: ABDOMINAL-BINDER-30-45-3PANEL | C28: McKesson Abdominal Binder 30-45 three panel (Ref: 155-79-89070) | D28: 1 | E28: 8 | G28: 13.48
B29: TABLE-COVER-50X90 | C29: Medline Table Cover 50" x 90" (Ref: DYNJP2316) | D29: 1 | E29: 53 | G29: 2.0367
B30: MAYO-STAND-COVER-REINFORCED | C30: Medline Mayo Stand Cover, Reinforced (Ref: DYNJP2500) | D30: 1 | E30: 50 | G30: 1.0647
... B59: INFILTRATION-TUBING-LARGEBORE | C59: Cellmyx Infiltration Large Bore Tubing (Ref: FAT-10002-IN) | D59: 1 | E59: 17 | G59: 22.7
B60: SYRINGE-30ML | C60: BD Syringe 30ml (Ref: 302832) | D60: 4 | E60: 214 | G60: $0.3341
B61: SYRINGE-20ML | C61: BD Syringe 20ml (Ref: 302830) | D61: 1 | E61: 120 | G61: $0.2587
B62: SYRINGE-10ML | C62: BD Syringe 10ml (Ref: 302995) | D62: 1 | E62: 647 | G62: $0.1207
B63: SYRINGE-5ML | C63: BD Syringe 5ml (Ref: 309646) | D63: 1 | E63: 201 | G63: $0.1173
B64: SYRINGE-3ML | C64: BD Syringe 3ml (Ref: 309657) | D64: 1 | E64: 136 | G64: $0.0747
B65: SYRINGE-1ML | C65: BD Syringe 1ml (Ref: 3096280) | D65: 1 | E65: 104 | G65: $0.3680
B66: SYRINGE-60ML | C66: Terumo Syringe 60ml (Ref: SS-60L) | D66: 1 | E66: 70 | G66: 0.56
B67: TOOMEY-SYRINGE-60ML | C67: Toomey Syringe 60ml monoject (Ref: 512956X / 560265) | D67: 1 | E67: 23 | G67: 1.99
B68: SALINE-SYRINGE-10ML | C68: PosiFlush Prefilled Normal Saline Syringe, 10 mL (Ref: B-D306547Z) | D68: 1 | E68: 120 | G68: 0.25
B69: HYPODERMIC-NEEDLE-18G | C69: Henry Schein Hypodermic Needle 18G (Ref: 900-4471) | D69: 1 | E69: 600 | G69: $0.1455
B70: HYPODERMIC-NEEDLE-20G | C70: Henry Schein Hypodermic Needle 20G (Ref: 112-7110) | D70: 1 | E70: 926 | G70: $0.1104
B71: HYPODERMIC-NEEDLE-23G | C71: Hypodermic Needle 23G (Ref: SYR100235Z) | D71: 1 | E71: 0 | G71: 0.1082
B72: THIN-WALL-NEEDLE-20G | C72: McKesson Thin Wall sterile needle 20g (Ref: 16-N201) | D72: 1 | E72: 300 | G72: 0.075
B73: HYPODERMIC-NEEDLE-22G | C73: McKesson Safety Hypodermic Needles 22g (Ref: 102-M22105S3) | D73: 1 | E73: 100 | G73: 0.08
B74: HYPODERMIC-NEEDLE-25G | C74: Henry Shcein Hypodermic Needle 25G (Ref: 900-4472) | D74: 1 | E74: 200 | G74: $0.0704
B75: HYPODERMIC-NEEDLE-27G | C75: Exel Hypodermic Needle 27G (Ref: 26426) | D75: 1 | E75: 246 | G75: 0.1572
B76: HYPODERMIC-NEEDLE-32G | C76: TSK Hypodermic needle 32g (Ref: PRE-32013-100) | D76: 1 | E76: 100 | G76: 0.49
B77: SPINAL-NEEDLE-18G-3.5IN-PINK | C77: Reli Spinal Needle 18G x 3.5" Pink (Ref: SN18G351) | D77: 1 | E77: 50 | G77: 1.288
B78: SPINAL-NEEDLE-25G-3.5IN-PINK | C78: Medline Spinal Needle 25G x 3.5" Pink (Ref: PAIN8018) | D78: 1 | E78: 25 | G78: $2.5352
B79: PENROSE-DRAIN-12X14 | C79: CardinalHealth Penrose Drain 12 x 14 (Ref: 30414-025) | D79: 1 | E79: 12 | G79: $0.915
B80: ROUND-DRAIN-TROCAR-10FR | C80: Medline Perforated Round Drain + Trocar 10Fr (Ref: DYNJWE0321) | D80: 1 | E80: 19 | G80: $12.7530
B81: FLAT-DRAIN-10MM | C81: Medline Perforated Flat Drain 10mm (Ref: DYNJWE1311) | D81: 1 | E81: 20 | G81: $5.0390
B82: ROUND-DRAIN-15FR | C82: Medline Perforated Round Drain 15Fr (Ref: DYNJWE1323A) | D82: 1 | E82: 11 | G82: 6.92
B83: ROUND-DRAIN-ADAPTOR-7FR | C83: Medline Perforated Round Drain + Adaptor 7Fr (Ref: DYNJWE1320) | D83: 1 | E83: 10 | G83: 6.05
B84: ROUND-DRAIN-ADAPTOR-10FR | C84: Medline Perforated Round Drain + Adaptor 10Fr (Ref: DYNJWE1321A) | D84: 1 | E84: 9 | G84: 6.92
B85: CLOSED-BULB-DRAIN-SYSTEM | C85: Medline Closed Bulb Drainage Silicone System (Ref: DYNJWE1305) | D85: 1 | E85: 32 | G85: 4.726
B86: RENUVION-HANDPIECE-27CM | C86: Apyx Renuvion Handpiece 27cm (Ref: APYX-27-TP) | D86: 1 | E86: 2 | G86: 584
B87: RENUVION-HANDPIECE-15CM | C87: Apyx Renuvion Handpiece 15cm (Ref: APYX-15-TP) | D87: 1 | E87: 3 | G87: 448
B88: JPLASMA-STERILE-BRUSH | C88: Apyx Sterile Brush for J Plasma (Ref: APYX-BRUSH-1) | D88: 1 | E88: 6 | G88: 2.7
B89: PROBE-COVER-4X24 | C89: Advance Probe Cover 4" x 24" (Ref: 20-P3D424) | D89: 1 | E89: 4 | G89: 0.4
B90: CORD-COVER-MICROAIRE | C90: Civco Cord cover MicroAire (Ref: 610-024) | D90: 1 | E90: 26 | G90: 5.21
B91: Y-TUBING-CONNECTOR-6IN1 | C91: Medline 6 in 1 Y Tubing Connector (Ref: DYND50519) | D91: 1 | E91: 89 | G91: 0.21
B92: Y-TUBING-CONNECTOR-6IN1-8-11MM | C92: Busse 6 in 1 Y tubing connecter 8 to 11 mm (Ref: 508) | D92: 1 | E92: 111 | G92: 1.59
B93: Y-TUBING-CONNECTOR-6IN1-6-15MM | C93: Busse 6 in 1 Y tubing connecter 6 to 15 mm (Ref: 509) | D93: 1 | E93: 14 | G93: 0.21
... B97: BSS-IRRIGATION-500ML | C97: BSS Sterile Irrigation Solution 500ml (NDC: 0065-0795-50) | D97: 1 | E97: 6 | G97: 58.25
B98: SODIUM-CHLORIDE-IRRIGATION-500ML | C98: 0.9% Sodium Chloride Irrigation 500ml (Ref: R5201-01) | D98: 1 | E98: 8 | G98: $4.27
B99: IOBAN-2 | C99: Ioban 2 3M (Ref: 6650EZ) | D99: 1 | E99: 0 | G99: 5.697
B100: SURGICAL-GLOVES-LATEX-7.5 | C100: Surgical Gloves Latex Size 7.5 (Ref: 5704499) | D100: 1 | E100: 0 | G100: 0.5338
B101: SURGICAL-GLOVES-LATEX-7.5-MCKESSON | C101: Surgical Gloves Latex Size 7.5 McKesson (Ref: 201075N) | D101: 1 | E101: 0 | G101: 0.5338
B102: SURGICAL-GLOVES-LATEX-7 | C102: Surgical Gloves Latex Size 7 Criterion (Ref: 5704498) | D102: 1 | E102: 0 | G102: 0.5338
B103: SURGICAL-GLOVES-LATEX-6.5 | C103: Surgical Gloves Latex Size 6.5 (Ref: 5704497) | D103: 1 | E103: 0 | G103: 0.5338
B104: SURGICAL-GLOVES-LATEX-6 | C104: Surgical Gloves Latex Size 6 (Ref: 5704496) | D104: 1 | E104: 0 | G104: 0.4958
B105: BIOGEL-SYNTH-GLOVES-7.5 | C105: Biogel PI UltraTouch G Synthetic Gloves Size 7.5 (Ref: ALA42175) | D105: 1 | E105: 0 | G105: $2.1262
B106: BIOGEL-SYNTH-GLOVES-7 | C106: Biogel PI UltraTouch G Synthetic Gloves Size 7 (Ref: ALA42170) | D106: 1 | E106: 0 | G106: $2.1262
B107: BIOGEL-SYNTH-GLOVES-6.5 | C107: Biogel PI UltraTouch G Synthetic Gloves Size 6.5 (Ref: ALA42165) | D107: 1 | E107: 0 | G107: $2.1262
B108: BIOGEL-SYNTH-GLOVES-6 | C108: Biogel PI UltraTouch G Synthetic Gloves Size 6 (Ref: ALA42160) | D108: 1 | E108: 0 | G108: $2.1262
B109: PERRY-SYNTH-GLOVES-6 | C109: Perry Synthetic Surgical Gloves Polyisoprene Size 6 (Ref: 20-2060N) | D109: 1 | E109: 0 | G109: $1.7326
B110: VICRYL-0-CP1 | C110: 0 Coated Vicryl CP-1 (Ref: J467) | D110: 1 | E110: 0 | G110: 2.61
B111: VICRYL-1-CP | C111: 1 Coated Vicryl CP (Ref: J480) | D111: 1 | E111: 0 | G111: 2.72
B112: VICRYL-PLUS-2-0-CTX-VIOLET | C112: 2-0 Coated Vicryl Plus Antibacterial CTX (violet) (Ref: J316H) | D112: 1 | E112: 72 | G112: 2.43
B113: VICRYL-PLUS-2-0-CT1 | C113: 2-0 Coated Vicryl Plus CT-1 (Ref: VCP345H) | D113: 1 | E113: 36 | G113: 7.6
B114: VICRYL-PLUS-2-0-FS1 | C114: 2-0 Coated Vicryl Plus FS-1 (Ref: VCP443H) | D114: 1 | E114: 36 | G114: 3.48
B115: VICRYL-2-0-CT2 | C115: 2-0 Coated Vicryl CT-2 (Ref: J269H) | D115: 1 | E115: 0 | G115: 2.59
B116: VICRYL-PLUS-3-0-CT1-VIOLET | C116: 3-0 Coated Vicryl Plus CT-1 Antibaterial (violet) (Ref: VCP338H) | D116: 1 | E116: 36 | G116: 2.45
B117: VICRYL-3-0-FS1 | C117: 3-0 Coated Vicryl FS-1 (Ref: VCP442H) | D117: 1 | E117: 0 | G117: 3.48
B118: VICRYL-3-0-SH-VIOLET | C118: 3-0 Coated Vicryl SH (violet) (Ref: J316H) | D118: 1 | E118: 72 | G118: 2.43
B119: VICRYL-4-0-PS2 | C119: 4-0 Coated Vicryl PS-2 (Ref: J496g) | D119: 1 | E119: 0 | G119: 6.43
B120: VICRYL-5-0-PS2 | C120: 5-0 Coated Vicryl PS-2 (Ref: J495G) | D120: 1 | E120: 12 | G120: 6.49
B121: VICRYL-5-0-P3 | C121: 5-0 Coated Vicryl P-3 (Ref: J493G) | D121: 1 | E121: 12 | G121: 22
... B164: PTFE-3-0-DFS2-WHITE | C164: 3-0 PTFE DFS-2 (white) (Ref: TE153019F4P) | D164: 1 | E164: 12 | G164: 8.2383
B165: SKIN-STRIPS-1X4-WHITE | C165: Henry Schein Sterile Skin Strips 1" x 4" white (Ref: 900-7506) | D165: 1 | E165: 24 | G165: $0.2725
B166: SKIN-STRIPS-1X5-BROWN | C166: McKesson Sterile Skin Strips 1" x 5" Brown (MFR# 3005) | D166: 1 | E166: 50 | G166: $2.1628
B167: SKIN-CLOSURE-STRIPS-1-2X4 | C167: McKesson Sterile Skin Closure Strips 1/2" x 4" (MFR# 3004) | D167: 1 | E167: 200 | G167: $0.4246
B168: SKIN-CLOSURE-STRIPS-1-4X4 | C168: McKesson Sterile Skin Closure Strips 1/4" x 4" (MFR# 3003) | D168: 1 | E168: 101 | G168: $0.7884
B169: ABDOMINAL-PAD-5X9 | C169: Medline Abdominal Pad 5" x 9" (Ref: NON21450) | D169: 1 | E169: 575 | G169: $0.0996
B170: TEGADERM-PAD | C170: 3M Sterile Tegaderm + Pad (Ref: 3582) | D170: 1 | E170: 50 | G170: $0.3211
B171: XEROFORM-2X2 | C171: Curad Xeroform 2" x 2" (Ref: CUR253220) | D171: 1 | E171: 66 | G171: 0.4852
B172: XEROFORM-5X9 | C172: Curad Xeroform 5" x 9" (Xeroform Petrolatum Dressing) (ref:CUR253590) | D172: 1 | E172: 12 | G172: 0.624
B173: BULKEE-GAUZE-4.5X4.1YD | C173: Medline Bulkee II Gauze bandage 4.5" x 4.1 yds (Ref:NON25865) | D173: 1 | E173: 14 | G173: $0.9100
...

Sheet Sheet6
B1: TRIAMCINOLONE-40MG-ML | C1: Amneal Triamcinolone 40mg/ml | D1: 1 | E1: 9 | I1: =G1*E1 -> 0
B2: ARTIFICIAL-TEARS-15ML | C2: Gericare Artificial Tears (15ml) | D2: 1 | E2: 2 | I2: =G2*E2 -> 0
B3: IRON-SUCROSE-200MG-10ML-SANDOZ | C3: Sandoz Iron Sucrose Injection 10ml, 200mg (NDC: 0781-3487-70) | D3: 1 | E3: 1 | I3: =G3*E3 -> 0
B4: IRON-SUCROSE-200MG-10ML-MYLAN | C4: Mylan Iron Sucrose Injection 10ml, 200mg (NDC: 67457-639-00) | D4: 1 | E4: 4 | I4: =G4*E4 -> 0
B5: NEOMYCIN-POLYMYXIN-3.5G | C5: Neomycin and Polymyxin B Sulfates 3.5g (NDC: 24208-785-55) | D5: 1 | E5: 6 | I5: =G5*E5 -> 0
C6: Polymyxin B 500000 (NDC: 63323-321-10) | D6: 1 | E6: 10 | I6: =G6*E6 -> 0
B7: CHLORHEXIDINE-0.12PCT | C7: Rising Chlorhexidine gluconate 0.12% (NDC: 16571-128-48) | D7: 1 | E7: 1 | I7: =G7*E7 -> 0
B8: TETRACAINE-0.5PCT-5ML | C8: Tetracaine Hydrochloride 0.5% 5mL (NDC: 70069-596-01) | D8: 1 | E8: 1 | I8: =G8*E8 -> 0
B9: CEFTRIAXONE-250MG | C9: Ceftriaxone for injections, 250 mg (NDCL: 0409-7337-01) | D9: 1 | E9: 17 | I9: =G9*E9 -> 0
B10: AFRIN-NASAL-MIST-15ML | C10: Afrin Nasal Pump Mist 15ml (no drip, severe congestion) | D10: 1 | E10: 4 | I10: =G10*E10 -> 0
B11: ONDANSETRON-4MG-2ML | C11: Odansetron Injection 4mg/2ml (NDC: 60505-6130-5) | D11: 1 | E11: 69 | I11: =G11*E11 -> 0
B12: METOCLOPRAMIDE-10MG-2ML | C12: Metoclopramine 10mg/2ml (NDC: 23155-240-41) | D12: 1 | E12: 50 | I12: =G12*E12 -> 0
C13: DOPamine HCL (NDC:0409-5820-11) | D13: 1 | E13: 1 | I13: =G13*E13 -> 0
C14: Midazolam injection 10mg/10ml (NDC: 0641-6056-10) | D14: 1 | E14: 10 | I14: =G14*E14 -> 0
C15: Midazolam injection 5mg/5ml (NDC: 0409-2305-05) | D15: 1 | E15: 20 | I15: =G15*E15 -> 0
C16: Promethazine Hydrochloride 25mg/ml (NDC: 39822-5525-3) | D16: 1 | E16: 25 | I16: =G16*E16 -> 0
C17: Scopolamine Transdermal System 1mg/3days | D17: 1 | E17: 20 | I17: =G17*E17 -> 0
B18: MAG-SULFATE-50PCT-10ML | C18: Magnesium Sulfate Inection, 50%, 10 ML (NDC: 63323-06404) | D18: 1 | E18: 10 | I18: =G18*E18 -> 0
C19: HYDROmorphone HCL 1mg/ml (NDC: 0409-1283-31) | D19: 1 | E19: 17 | I19: =G19*E19 -> 0
C20: HYDROmorphone HCL 2mg/ml (NDC: 0633323-853-25) | D20: 1 | E20: 78 | I20: =G20*E20 -> 0
C21: Rygby Polyvinyl alcohol 1.4% lubricating eye drops 15mL (NDC: 0536-1408-94) | D21: 1 | E21: 2 | I21: =G21*E21 -> 0
C22: Phenylephrine HCL 10mg/Ml (NDC: 71288-807-02) | D22: 1 | E22: 43 | I22: =G22*E22 -> 0
C23: Flumazenil 5mg/5ml (NDC:0143-9784-01) | D23: 1 | E23: 2 | I23: =G23*E23 -> 0
C24: Esmolol Hydrochloride 100mg/10ml (NDC: 67457-182-00) | D24: 1 | E24: 6 | I24: =G24*E24 -> 0
B25: GLYCOPYRROLATE-0.2MG-ML | C25: Sagent Glycopyrrolate Injection 0.2mg/ml (NDC: 25021-796-01) | D25: 1 | E25: 100 | I25: =G25*E25 -> 0
C26: 10% Calcium Chloride Ingection 1g/10ml (NDC: 76329-3304-1) | D26: 1 | E26: 2 | I26: =G26*E26 -> 0
C27: Epinephrine 1mg/10ML (NDC: 76329-3318-1) | D27: 1 | E27: 2 | I27: =G27*E27 -> 0
C28: Atropine Sulfate 1mg/10ml (NDC: 76329-3340-1) | D28: 1 | E28: 1 | I28: =G28*E28 -> 0
C29: 50% Dextrose 50mL (NDC: 0409-6648-16) | D29: 1 | E29: 5 | I29: =G29*E29 -> 0
C30: Heparine 5000 1ml (NDC: 25021-402-01) | D30: 1 | E30: 7 | I30: =G30*E30 -> 0
C31: Epinephrine 1mg/ml (NDC: 54288-103-10) | D31: 1 | E31: 1 | I31: =G31*E31 -> 0
C32: Lidocaine HCl 2% 20mg/ml (NDC: 0409-0147-10) | D32: 1 | E32: 5 | I32: =G32*E32 -> 0
C33: Naloxone Hydrochloride 0.4mg/mL (NDC: 72603-590-10) | D33: 1 | E33: 6 | I33: =G33*E33 -> 0
B34: LIDOCAINE-0.5-50ML | C34: Lidocaine 0.5% 5mg/ml 50ml (NDC: 0409-3177-01/06) | D34: 1 | E34: 32 | I34: =G34*E34 -> 0
C35: Porpofor Injectable 500mg/50ml (NDC: 16714-977-20) | D35: 1 | E35: 26 | I35: =G35*E35 -> 0

Sheet Scan
A1: Scan Here | B1: Status

Sheet Count Log
A1: SKINUVA-BAG | B1: Code / SKU | C1: Item Name | D1: Qty Added | E1: Status
A2: 46163.501 | B2: TEST123 | C2: Test Item | D2: 1 | E2: Added
A3: 46163.501 | B3: TEST123 | C3: Test Item | D3: 1 | E3: Added
A4: 46163.509 | B4: TEST123 | C4: Test Item | D4: 1 | E4: Added
A5: 46163.509 | B5: TEST123 | C5: Test Item | D5: 1 | E5: Added
A6: 46163.511 | B6: TEST123 | C6: Test Item | D6: 1 | E6: Added
A7: 46163.512 | B7: TEST123 | C7: Test Item | D7: 1 | E7: Added
A8: 46163.52 | B8: TEST123 | C8: Test Item | D8: 1 | E8: Added
A9: 46163.526 | B9: COTININE-TEST-DEVICE | C9: Cotinine Test Device | D9: 1 | E9: Added
A10: 46163.528 | B10: HCG-URINE-PREG-CASSETTE | C10: hCG Urine Pregnancy Test Cassette | D10: 1 | E10: Added
A11: 46163.536 | B11: TEST123 | C11: Test Item | D11: 1 | E11: Added
A12: 46163.536 | B12: TEST123 | C12: Test Item | D12: 1 | E12: Added
A13: 46163.536 | B13: TEST123 | C13: Test Item | D13: 1 | E13: Added
... A25: 46163.543 | B25: SKINUVA-BAG | C25: Plus Cosmetic and Skinuva bag | D25: 5 | E25: Added
A26: 46163.557 | B26: L-SPONGE-DOUBLE | C26: NOT FOUND | E26: Barcode/code not found in Database
A27: 46163.557 | B27: TONSIL-SPONGE-DOUBLE | C27: Medline Tonsil Sponge Double Strung (ref:MDS78912) | D27: 10 | E27: Added
A28: 46163.557 | B28: TONSIL-SPONGE-DOUBLE | C28: Medline Tonsil Sponge Double Strung (ref:MDS78912) | D28: 10 | E28: Added
A29: 46163.561 | B29: IV-ADMIN-SET | C29: Henry Schein IV Administration Set (ref:570-0887) | D29: 10 | E29: Added
A30: 46163.562 | B30: IV-ADMIN-SET | C30: Henry Schein IV Administration Set (ref:570-0887) | D30: 10 | E30: Added
A31: 46163.562 | B31: IV-ADMIN-SET | C31: Henry Schein IV Administration Set (ref:570-0887) | D31: 10 | E31: Added
A32: 46163.562 | B32: IV-ADMIN-SET | C32: Henry Schein IV Administration Set (ref:570-0887) | D32: 10 | E32: Added
A33: 46163.563 | B33: IV-ADMIN-SET | C33: Henry Schein IV Administration Set (ref:570-0887) | D33: 10 | E33: Added
A34: 46163.563 | B34: IV-ADMIN-SET | C34: Henry Schein IV Administration Set (ref:570-0887) | D34: 10 | E34: Added
A35: 46163.564 | B35: IV-ADMIN-SET | C35: Henry Schein IV Administration Set (ref:570-0887) | D35: 10 | E35: Added
A36: 46163.566 | B36: DISPOSABLE-NEBULIZER | C36: Medline Disposable Nebulizer (Ref:HCS4485) | D36: 10 | E36: Added
A37: 46163.566 | B37: DISPOSABLE-NEBULIZER | C37: Medline Disposable Nebulizer (Ref:HCS4485) | D37: 10 | E37: Added
A38: 46163.567 | B38: DISPOSABLE-NEBULIZER | C38: Medline Disposable Nebulizer (Ref:HCS4485) | D38: 10 | E38: Added
... A79: 46163.703 | B79: SYRINGE-30ML | C79: BD Syringe 30ml (Ref:302832) | D79: 4 | E79: Added

Sheet Лист5
A1: Bag count | B1: Amount | D1: Multiply by 13 instead of 5
A2: Medline Surgical Skin Marker (Ref: DYNJSM01) | B2: 1 | C2: =B2*5 -> 5 | D2: =B2*13 -> 13
A3: Medline O.R towels (Ref: MDT2168284) | B3: 3 | C3: =B3*5 -> 15 | D3: =B3*13 -> 39
A4: Medline Contro-Bulb Syringe 60ml (Ref:DYND20125) | B4: 1 | C4: =B4*5 -> 5 | D4: =B4*13 -> 13
A5: Medline Yankauer with bulb tip no control vent (Ref: DYND50130) | B5: 1 | C5: =B5*5 -> 5 | D5: =B5*13 -> 13
A6: Medline Flexible Light handle cover (Ref: DYNJLHS1) | B6: 1 | C6: =B6*5 -> 5 | D6: =B6*13 -> 13
A7: CardinalHealth Fabric Reinforced Surgical Gown XL (Ref: 9541) | B7: 2 | C7: =B7*5 -> 10 | D7: =B7*13 -> 26
A8: Medline Lap Sponges 18x18 (Ref:MDS241528) | B8: 2 | C8: =B8*5 -> 10 | D8: =B8*13 -> 26
A9: Medline Needle Counter 20ct (Ref: NC20FBR) | B9: 1 | C9: =B9*5 -> 5 | D9: =B9*13 -> 13
A10: Medline Tabel Cover (Ref:DYNJP2316) | B10: 1 | C10: =B10*5 -> 5 | D10: =B10*13 -> 13
A11: Medline Mayo Stand Cover Reinforced (Ref:DYNJP2500) | B11: 1 | C11: =B11*5 -> 5 | D11: =B11*13 -> 13
A12: Medline Cautery Pencil Rocker Stainless Steel Blade (Ref: ESRK3000) | B12: 1 | C12: =B12*5 -> 5 | D12: =B12*13 -> 13
A13: Medline Chest/Breast drape lvl 4 (Ref:DYNJP2491) | B13: 1 | C13: =B13*5 -> 5 | D13: =B13*13 -> 13
... A19: Megadyne Short Protected Bovie Tip (Ref:0012M) | B19: 1 | C19: =B19*5 -> 5 | D19: =B19*13 -> 13

Sheet By Category
A1: Category | B1: Subcategory | C1: Item Name | D1: Reference / NDC / MFR | E1: Source Line | F1: Notes
A2: Implants / Implant Accessories / Scaffolds | B2: Scaffold / mesh | C2: Galatea GalaFLEX 3DR Scaffold Large (Ref: FR3D05) | D2: FR3D05 | E2: 396
A3: Implants / Implant Accessories / Scaffolds | B3: Implant accessory | C3: Keller Funnel (Ref: HA005) | D3: HA005 | E3: 56
A4: Implants / Implant Accessories / Scaffolds | B4: Breast implants | C4: Mentor Siltex Round Moderate Plus 325cc (Ref: 354-3251) | D4: 354-3251 | E4: 471
A5: Implants / Implant Accessories / Scaffolds | B5: Breast implants | C5: Mentor Siltex Round Moderate Plus 400cc (Ref: 354-4400) | D5: 354-4400 | E5: 472
A6: Implants / Implant Accessories / Scaffolds | B6: Breast implants | C6: Mentor Smooth Round H-P 375 cc (Ref: 350-3754BC) | D6: 350-3754BC | E6: 483
A7: Implants / Implant Accessories / Scaffolds | B7: Breast implants | C7: Mentor Smooth Round H-P Saline 190cc-225cc (Ref:350-3190) | D7: 350-3190 | E7: 465
A8: Implants / Implant Accessories / Scaffolds | B8: Breast implants | C8: Mentor Smooth Round High-profile 275cc (Ref: 350-2754BC) | D8: 350-2754BC | E8: 454
A9: Implants / Implant Accessories / Scaffolds | B9: Breast implants | C9: Mentor Smooth Round High-profile 300cc (Ref: 350-3004BC) | D9: 350-3004BC | E9: 451
A10: Implants / Implant Accessories / Scaffolds | B10: Breast implants | C10: Mentor Smooth Round High-profile 325cc (Ref: 350-3254BC) | D10: 350-3254BC | E10: 452
A11: Implants / Implant Accessories / Scaffolds | B11: Breast implants | C11: Mentor Smooth Round High-profile 350cc (Ref: 350-3504BC) | D11: 350-3504BC | E11: 450
A12: Implants / Implant Accessories / Scaffolds | B12: Breast implants | C12: Mentor Smooth Round High-profile 400cc (Ref: 350-4004BC) | D12: 350-4004BC | E12: 453
A13: Implants / Implant Accessories / Scaffolds | B13: Breast implants | C13: Mentor Smooth Round High-profile 425cc (Ref: 350-4254BC) | D13: 350-4254BC | E13: 455
... A139: Medications / Pharmaceuticals | B139: Medication / pharmaceutical | C139: Acetaminophen Injection 10mg/ml (Ref: DA4100) (NDC: 0264-4100-90) | D139: DA4100; 0264-4100-90 | E139: 269
A140: Medications / Pharmaceuticals | B140: Medication / pharmaceutical | C140: Afrin Nasal Pump Mist 15ml (no drip, severe congestion) | E140: 504
A141: Medications / Pharmaceuticals | B141: Medication / pharmaceutical | C141: Albuterol Sulfate Inhalation Solution 2.5mg/3ml (NDC: 76204-200-01) | D141: 76204-200-01 | E141: 256
A142: Medications / Pharmaceuticals | B142: Medication / pharmaceutical | C142: Amneal Triamcinolone 40mg/ml | E142: 495
A143: Medications / Pharmaceuticals | B143: Medication / pharmaceutical | C143: Atropine Sulfate 1mg/10ml (NDC: 76329-3340-1) | D143: 76329-3340-1 | E143: 241
A144: Medications / Pharmaceuticals | B144: Medication / pharmaceutical | C144: Bupivacaine 5mg/ml (NDC: 0143-9331-10) | D144: 0143-9331-10 | E144: 263
A145: Medications / Pharmaceuticals | B145: Medication / pharmaceutical | C145: Camber Lidocaine 2% 20mg/ml 20ml (NDC: 31722-217-31) | D145: 31722-217-31 | E145: 222
A146: Medications / Pharmaceuticals | B146: Medication / pharmaceutical | C146: Camber Magnesium Sulfate 50% 500mg/ml (NDC: 31722-394-33) | D146: 31722-394-33 | E146: 266
A147: Medications / Pharmaceuticals | B147: Medication / pharmaceutical | C147: Cefazolin 1g/vial price per item for 1 vl (NDC: 60505-6142-5) | D147: 60505-6142-5 | E147: 237
A148: Medications / Pharmaceuticals | B148: Medication / pharmaceutical | C148: Ceftriaxone for injections, 250 mg (NDCL: 0409-7337-01) | D148: L | E148: 503
A149: Medications / Pharmaceuticals | B149: Medication / pharmaceutical | C149: Clindamycin 150MG/ML (Ref: 25021011502) | D149: 25021011502 | E149: 255
A150: Medications / Pharmaceuticals | B150: Medication / pharmaceutical | C150: Dexamethasone Sodium Phosphate 10mg/ml (NDC: 633323-506-01) | D150: 633323-506-01 | E150: 235
A151: Medications / Pharmaceuticals | B151: Medication / pharmaceutical | C151: Diphenhydramine 50MG/ML (NDC: 0641-0376-25) | D151: 0641-0376-25 | E151: 254
A152: Medications / Pharmaceuticals | B152: Medication / pharmaceutical | C152: DOPamine HCL (NDC:0409-5820-11) | D152: 0409-5820-11 | E152: 277
A153: Medications / Pharmaceuticals | B153: Medication / pharmaceutical | C153: Ephedrine Sulfate 50mg/ml (NDC: 0781-3269-95) | D153: 0781-3269-95 | E153: 249
A154: Medications / Pharmaceuticals | B154: Medication / pharmaceutical | C154: Epinephrine 1mg/10ML (NDC: 76329-3318-1) | D154: 76329-3318-1 | E154: 240
... A164: Medications / Pharmaceuticals | B164: Medication / pharmaceutical | C164: Gentamicin Injection 40mg/ml (NDC: 633323-010-02) | D164: 633323-010-02 | E164: 271
A165: Medications / Pharmaceuticals | B165: Medication / pharmaceutical | C165: Gericare Artificial Tears (15ml) | E165: 496
A166: Medications / Pharmaceuticals | B166: Medication / pharmaceutical | C166: Heparin 5000 1ml (NDC: 25021-402-01) | D166: 25021-402-01 | E166: 234
A167: Medications / Pharmaceuticals | B167: Medication / pharmaceutical | C167: Hydralazine 20mg/1ml (NDC: 633323-613-01) | D167: 633323-613-01 | E167: 251
A168: Medications / Pharmaceuticals | B168: Medication / pharmaceutical | C168: HYDROmorphone HCL 1mg/ml (NDC: 0409-1283-31) | D168: 0409-1283-31 | E168: 259
A169: Medications / Pharmaceuticals | B169: Medication / pharmaceutical | C169: HYDROmorphone HCL 2mg/ml (NDC: 0633323-853-25) | D169: 0633323-853-25 | E169: 260
A170: Medications / Pharmaceuticals | B170: Medication / pharmaceutical | C170: Ketamine Hydrochloride 50mg/ml (NDC: 25021-683-10) | D170: 25021-683-10 | E170: 228
A171: Medications / Pharmaceuticals | B171: Medication / pharmaceutical | C171: Ketorolac Tromethamine 30mg/ml (Ref: 72266011825) | D171: 72266011825 | E171: 257
A172: Medications / Pharmaceuticals | B172: Medication / pharmaceutical | C172: Labetalol Hydrochloride 5mg/ml (NDC: 72266-103-01) | D172: 72266-103-01 | E172: 248
A173: Medications / Pharmaceuticals | B173: Medication / pharmaceutical | C173: Lidocaine 0.5% 5mg/ml 50ml (NDC: 0409-3177-01/06) | D173: 0409-3177-01/06 | E173: 220
A174: Medications / Pharmaceuticals | B174: Medication / pharmaceutical | C174: Lidocaine 1% 10mg/ml 50ml (NDC: 0143-9577-01) | D174: 0143-9577-01 | E174: 221
A175: Medications / Pharmaceuticals | B175: Medication / pharmaceutical | C175: Lidocaine HCl 2% 20mg/ml (NDC: 0409-0147-10) | D175: 0409-0147-10 | E175: 223
A176: Medications / Pharmaceuticals | B176: Medication / pharmaceutical | C176: Magnesium Sulfate in Water for Injection 40mg/ml (NDC: 0264-4206-54) | D176: 0264-4206-54 | E176: 268
A177: Medications / Pharmaceuticals | B177: Medication / pharmaceutical | C177: Magnesium Sulfate Inection, 50%, 10 ML (NDC: 63323-06404) | D177: 63323-06404 | E177: 267
... A201: Medications / Pharmaceuticals | B201: Medication / pharmaceutical | C201: Sagent TXA (Tranexamic Acid) 1000mg/10ml (NDC: 25021-415-10) | D201: 25021-415-10 | E201: 250
A202: Medications / Pharmaceuticals | B202: Medication / pharmaceutical | C202: Sandoz HydrOXyzine | E202: 494
A203: Medications / Pharmaceuticals | B203: Medication / pharmaceutical | C203: Sandoz Iron Sucrose Injection 10ml, 200mg (NDC: 0781-3487-70) | D203: 0781-3487-70 | E203: 497
A204: Medications / Pharmaceuticals | B204: Medication / pharmaceutical | C204: Scopolamine Transdermal System 1mg/3days | E204: 272
A205: Medications / Pharmaceuticals | B205: Medication / pharmaceutical | C205: Sevoflurane 250 ml/bt (NDC: 0527-6123-74) | D205: 0527-6123-74 | E205: 231
A206: Medications / Pharmaceuticals | B206: Medication / pharmaceutical | C206: Sublime Vitality Bacteriostatic water | E206: 409
A207: Medications / Pharmaceuticals | B207: Medication / pharmaceutical | C207: Sublime Vitality CJC/IPA 5mg | E207: 401
A208: Medications / Pharmaceuticals | B208: Medication / pharmaceutical | C208: Sublime Vitality Epithalon 10 mg | E208: 397
A209: Medications / Pharmaceuticals | B209: Medication / pharmaceutical | C209: Sublime Vitality GHK-CU 50 mg | E209: 406
A210: Medications / Pharmaceuticals | B210: Medication / pharmaceutical | C210: Sublime Vitality Glow 10/10/50 | E210: 405
A211: Medications / Pharmaceuticals | B211: Medication / pharmaceutical | C211: Sublime Vitality Glutathone 1500 MG | E211: 408
A212: Medications / Pharmaceuticals | B212: Medication / pharmaceutical | C212: Sublime Vitality Klow 80mg | E212: 399
A213: Medications / Pharmaceuticals | B213: Medication / pharmaceutical | C213: Sublime Vitality Mots-C 20 mg | E213: 398
A214: Medications / Pharmaceuticals | B214: Medication / pharmaceutical | C214: Sublime Vitality NAD 1000 MG | E214: 410
A215: Medications / Pharmaceuticals | B215: Medication / pharmaceutical | C215: Sublime Vitality PT-141 10mg | E215: 407
A216: Medications / Pharmaceuticals | B216: Medication / pharmaceutical | C216: Sublime Vitality Semax 10 mg | E216: 404
A217: Medications / Pharmaceuticals | B217: Medication / pharmaceutical | C217: Sublime Vitality Sermorelin 10 mg | E217: 402
... A219: Medications / Pharmaceuticals | B219: Medication / pharmaceutical | C219: Sublime Vitality Wolverine 10/10 | E219: 400
A220: Medications / Pharmaceuticals | B220: Medication / pharmaceutical | C220: Succinylcholine Chloride 20mg/ml 10ml/vl (NDC: 31722098131) | D220: 31722098131 | E220: 230
A221: Medications / Pharmaceuticals | B221: Medication / pharmaceutical | C221: Tetracaine Hydrochloride 0.5% 5mL (NDC: 70069-596-01) | D221: 70069-596-01 | E221: 502
A222: Medications / Pharmaceuticals | B222: Medication / pharmaceutical | C222: Tylenol Extra Strength | E222: 493
A223: Medications / Pharmaceuticals | B223: Medication / pharmaceutical | C223: Verapamil Hydrochloride 2.5mg/1ml (NDC: 67850-071-05) | D223: 67850-071-05 | E223: 265
A224: Medications / Pharmaceuticals | B224: Medication / pharmaceutical | C224: Zofran (Ondanestron) 2mg/ml (NDC: 60505613005) | D224: 60505613005 | E224: 232
A225: IV Fluids / Irrigation Solutions | B225: Fluid / irrigation solution | C225: 0.9% Sodium Chloride Injection 1000ml (Ref: 2B1324X) | D225: 2B1324X | E225: 200
A226: IV Fluids / Irrigation Solutions | B226: Fluid / irrigation solution | C226: 0.9% Sodium Chloride Injection 250ml (Ref: 8002) | D226: 8002 | E226: 202
A227: IV Fluids / Irrigation Solutions | B227: Fluid / irrigation solution | C227: 0.9% Sodium Chloride Injection 500ml (Ref: Q8001) | D227: Q8001 | E227: 201
A228: IV Fluids / Irrigation Solutions | B228: Fluid / irrigation solution | C228: 0.9% Sodium Chloride Irrigation 500ml (Ref: R5201-01) | D228: R5201-01 | E228: 98
A229: IV Fluids / Irrigation Solutions | B229: Fluid / irrigation solution | C229: BD 0.9% Sodium Chloride Injection 10ml (Ref:306547) | D229: 306547 | E229: 203
A230: IV Fluids / Irrigation Solutions | B230: Fluid / irrigation solution | C230: BSS Sterile Irrigation Solution 15ml (NDC: 0065-0795-15) | D230: 0065-0795-15 | E230: 96
A231: IV Fluids / Irrigation Solutions | B231: Fluid / irrigation solution | C231: BSS Sterile Irrigation Solution 500ml (NDC: 0065-0795-50) | D231: 0065-0795-50 | E231: 97
A232: IV Fluids / Irrigation Solutions | B232: Fluid / irrigation solution | C232: Lactated Ringer Injection 1000ml (Ref: L7500) | D232: L7500 | E232: 198
A233: IV Fluids / Irrigation Solutions | B233: Fluid / irrigation solution | C233: Lactated Ringer Injection 500ml (Ref: L7501) | D233: L7501 | E233: 199
A234: Needles / Syringes / IV Access | B234: Needle / syringe / IV access | C234: BD PrecisionGlide Needle 21g (Ref: 305167) | D234: 305167 | E234: 394
... A266: Needles / Syringes / IV Access | B266: Needle / syringe / IV access | C266: Terumo Syringe 60ml (Ref: SS-60L) | D266: SS-60L | E266: 66
A267: Needles / Syringes / IV Access | B267: Needle / syringe / IV access | C267: Three way stopcock E.O sterilized (MFG:20250310) | E267: 363
A268: Needles / Syringes / IV Access | B268: Needle / syringe / IV access | C268: Toomey Syringe 60ml monoject (Ref: 512956X / 560265) | D268: 512956X / 560265 | E268: 67
A269: Needles / Syringes / IV Access | B269: Needle / syringe / IV access | C269: TSK Hypodermic needle 32g (Ref: PRE-32013-100) | D269: PRE-32013-100 | E269: 76
A270: Anesthesia / Airway / Respiratory | B270: Airway / respiratory | C270: Airlife Medisorb (Ref: M1173310) | D270: M1173310 | E270: 216
A271: Anesthesia / Airway / Respiratory | B271: Airway / respiratory | C271: Amico Oxygen Flowmeter 0-155LPM Thrope tube (Ref: FMO15U-A05287FA) | D271: FMO15U-A05287FA | E271: 367
A272: Anesthesia / Airway / Respiratory | B272: Airway / respiratory | C272: CardinalHealth Suction Catheter with Chimney Valve (Ref:31000) | D272: 31000 | E272: 306
A273: Anesthesia / Airway / Respiratory | B273: Airway / respiratory | C273: Covidien Catheter Mount Extension Tube (Ref: 332U5115) | D273: 332U5115 | E273: 293
A274: Anesthesia / Airway / Respiratory | B274: Airway / respiratory | C274: Covidien Shiley Intubating Stylet (Ref:85865) | D274: 85865 | E274: 310
A275: Anesthesia / Airway / Respiratory | B275: Airway / respiratory | C275: Covidien Shiley Oral RAE Tracheal Tube (Ref:76265) | D275: 76265 | E275: 308
A276: Anesthesia / Airway / Respiratory | B276: Airway / respiratory | C276: Gas Sampling Line (Ref:DYNJAA04) Medline | D276: DYNJAA04 | E276: 284
A277: Anesthesia / Airway / Respiratory | B277: Airway / respiratory | C277: Hudson RCI Adult Nasal Cannula with 7ft Star Lumen Tubing (ref:1103) | D277: 1103 | E277: 286
A278: Anesthesia / Airway / Respiratory | B278: Airway / respiratory | C278: Hudson RCI Adult Nasal Cannula with Flared Nasal Tips (ref:1104) | D278: 1104 | E278: 287
A279: Anesthesia / Airway / Respiratory | B279: Airway / respiratory | C279: Intersurgical i-view video laryngoscope (Ref:8008000) | D279: 8008000 | E279: 368
... A291: Anesthesia / Airway / Respiratory | B291: Airway / respiratory | C291: Medline Laryngeal Mask Size 5 (Ref: DYND300050S) | D291: DYND300050S | E291: 318
A292: Anesthesia / Airway / Respiratory | B292: Airway / respiratory | C292: Medline Supersoft Adult CO2 Cannula (HCS4565S) | E292: 283
A293: Anesthesia / Airway / Respiratory | B293: Airway / respiratory | C293: Medline/Hudson Medium Concentration Oxygen Mask (Ref: HUDRHO41U) | D293: HUDRHO41U | E293: 279
A294: Anesthesia / Airway / Respiratory | B294: Airway / respiratory | C294: Medline/Hudson RCI Over-the-ear Nasal Cannula (ref:HUD1103) | D294: HUD1103 | E294: 288
A295: Anesthesia / Airway / Respiratory | B295: Airway / respiratory | C295: Medsource Endotracheal Tube & Stylet Size 8.0 (Ref: MS-23480) | D295: MS-23480 | E295: 313
A296: Anesthesia / Airway / Respiratory | B296: Airway / respiratory | C296: MedSource Endotracheal Tube Cuffet Stylet Size 6.0 (Ref: MS-23460) | D296: MS-23460 | E296: 311
A297: Anesthesia / Airway / Respiratory | B297: Airway / respiratory | C297: Medsource Endotracheal Tube Cuffet Stylet Size 6.5 (Ref: MS-23465) | D297: MS-23465 | E297: 212
A298: Anesthesia / Airway / Respiratory | B298: Airway / respiratory | C298: Medsource Endotracheal Tube Cuffet Stylet Size 7.0 (Ref: MS-23470) | D298: MS-23470 | E298: 315
A299: Anesthesia / Airway / Respiratory | B299: Airway / respiratory | C299: Medsource Endotracheal Tube Cuffet Stylet Size 7.5 (Ref: MS-23475) | D299: MS-23475 | E299: 314
A300: Anesthesia / Airway / Respiratory | B300: Airway / respiratory | C300: RUSCH Guedel Airway Size 5 (ref: 1226100) | D300: 1226100 | E300: 213
...

Sheet Original Order
A1: Source Line | B1: Item Name | C1: Category | D1: Subcategory | E1: Reference / NDC / MFR
A2: 2 | B2: Test Item | C2: Uncategorized / Review | D2: Dummy item / confirm
A3: 3 | B3: Cotinine Test Device (Ref: DCT-102) | C3: Diagnostics / Testing / Monitoring | D3: Diagnostic / test / monitoring | E3: DCT-102
A4: 4 | B4: hCG Urine Pregnancy Test Cassette ( Ref: PF453 / MPH11025HCG) | C4: Diagnostics / Testing / Monitoring | D4: Diagnostic / test / monitoring | E4: PF453 / MPH11025HCG
A5: 5 | B5: Multi Panel Drug Urine Test Cup (Ref: HCDOAV-5) | C5: Diagnostics / Testing / Monitoring | D5: Diagnostic / test / monitoring | E5: HCDOAV-5
A6: 6 | B6: Patient Gown One-time (Ref: NON27046) | C6: Patient Care / Hygiene / Comfort | D6: Patient care / comfort | E6: NON27046
A7: 7 | B7: Medline Patient gown fabric (Ref: MDTPG2RSBSTA) | C7: Patient Care / Hygiene / Comfort | D7: Patient care / comfort | E7: MDTPG2RSBSTA
A8: 8 | B8: Cardinal Health Anti-Embolism Stockings Knee Length XL (Ref: 7802) | C8: Patient Garments / Compression / Supports | D8: Compression / support garment | E8: 7802
A9: 9 | B9: Cardinal Health Anti-Embolism Stockings Knee Length Large (Ref: 7594) | C9: Patient Garments / Compression / Supports | D9: Compression / support garment | E9: 7594
A10: 10 | B10: Cardinal Health Anti-Embolism Stockings Knee Length Medium (Ref: 7115) | C10: Patient Garments / Compression / Supports | D10: Compression / support garment | E10: 7115
A11: 11 | B11: Medline Single Tread Slippers W/Skid-Resistant Soles (Ref: 44125Z) | C11: Patient Care / Hygiene / Comfort | D11: Patient care / comfort | E11: 44125Z
A12: 12 | B12: Medline Patient Blanket (Ref: NONDB4080) | C12: Patient Care / Hygiene / Comfort | D12: Patient care / comfort | E12: NONDB4080
A13: 13 | B13: Medline Bouffant Caps (Ref: CRI1001) | C13: PPE / Gloves / Masks / Staff Apparel | D13: PPE / staff apparel | E13: CRI1001
A14: 14 | B14: Medline Surgeron's Caps (Ref: NON28625) | C14: PPE / Gloves / Masks / Staff Apparel | D14: PPE / staff apparel | E14: NON28625
... A23: 23 | B23: Medline Silicone-Elastomer Coated Latex Foley Catheter Tray 16Fr (Ref:DYND11003) | C23: Kits / Packs / Procedure Trays | D23: Kit / procedure tray | E23: DYND11003
A24: 24 | B24: Post Surgery Bra | C24: Patient Garments / Compression / Supports | D24: Compression / support garment
A25: 25 | B25: McKesson Abdominal Binder 62-74 four panel (Ref: 155-79-89220) | C25: Patient Garments / Compression / Supports | D25: Compression / support garment | E25: 155-79-89220
A26: 26 | B26: McKesson Abdominal Binder 45-62 four panel (Ref: 155-79-89091) | C26: Patient Garments / Compression / Supports | D26: Compression / support garment | E26: 155-79-89091
A27: 27 | B27: McKesson Abdominal Binder 30-45 four panel (Ref: 155-79-89090) | C27: Patient Garments / Compression / Supports | D27: Compression / support garment | E27: 155-79-89090
A28: 28 | B28: McKesson Abdominal Binder 30-45 three panel (Ref: 155-79-89070) | C28: Patient Garments / Compression / Supports | D28: Compression / support garment | E28: 155-79-89070
A29: 29 | B29: Medline Table Cover 50" x 90" (Ref: DYNJP2316) | C29: Drapes / Covers / OR Linens | D29: Drape / cover / linen | E29: DYNJP2316
A30: 30 | B30: Medline Mayo Stand Cover, Reinforced (Ref: DYNJP2500) | C30: Drapes / Covers / OR Linens | D30: Drape / cover / linen | E30: DYNJP2500
A31: 31 | B31: Cardinal Health Medium Sheet (Ref: 9355) | C31: Drapes / Covers / OR Linens | D31: Drape / cover / linen | E31: 9355
A32: 32 | B32: Cardinal Health Large Sheet (ref: 9446) | C32: Drapes / Covers / OR Linens | D32: Drape / cover / linen | E32: 9446
A33: 33 | B33: Cardinal Health Transverse Laparotomy Drape (Ref: 29421) | C33: Drapes / Covers / OR Linens | D33: Drape / cover / linen | E33: 29421
A34: 34 | B34: Medline O.R. Towels (Ref: MDT2168284) | C34: Gauze / Sponges / Towels / Applicators | D34: Gauze / sponge / applicator | E34: MDT2168284
A35: 35 | B35: Medline Chest/Breast Drape Lvl 4 (Ref: DYNJP2491) | C35: Drapes / Covers / OR Linens | D35: Drape / cover / linen | E35: DYNJP2491
A36: 36 | B36: Medline Non-Conductive Connecting Tubing 3mt log (Ref: DYND50221) | C36: Drains / Suction / Tubing / Canisters | D36: Drain / suction / tubing | E36: DYND50221
... A271: 271 | B271: Gentamicin Injection 40mg/ml (NDC: 633323-010-02) | C271: Medications / Pharmaceuticals | D271: Medication / pharmaceutical | E271: 633323-010-02
A272: 272 | B272: Scopolamine Transdermal System 1mg/3days | C272: Medications / Pharmaceuticals | D272: Medication / pharmaceutical
A273: 273 | B273: Promethazine Hydrochloride 25mg/ml (NDC: 39822-5525-3) | C273: Medications / Pharmaceuticals | D273: Medication / pharmaceutical | E273: 39822-5525-3
A274: 274 | B274: Midazolam injection 2mg/2ml (NDC: 21355-600-41) | C274: Medications / Pharmaceuticals | D274: Medication / pharmaceutical | E274: 21355-600-41
A275: 275 | B275: Midazolam injection 5mg/5ml (NDC: 0409-2305-05) | C275: Medications / Pharmaceuticals | D275: Medication / pharmaceutical | E275: 0409-2305-05
A276: 276 | B276: Midazolam injection 10mg/10ml (NDC: 0641-6056-10) | C276: Medications / Pharmaceuticals | D276: Medication / pharmaceutical | E276: 0641-6056-10
A277: 277 | B277: DOPamine HCL (NDC:0409-5820-11) | C277: Medications / Pharmaceuticals | D277: Medication / pharmaceutical | E277: 0409-5820-11
A278: 278 | B278: Medline Instant Cold Pack (Ref: MDS137020) | C278: Patient Care / Hygiene / Comfort | D278: Patient care / comfort | E278: MDS137020
A279: 279 | B279: Medline/Hudson Medium Concentration Oxygen Mask (Ref: HUDRHO41U) | C279: Anesthesia / Airway / Respiratory | D279: Airway / respiratory | E279: HUDRHO41U
A280: 280 | B280: Medline Disposable Nebulizer (Ref:HCS4485) | C280: Anesthesia / Airway / Respiratory | D280: Airway / respiratory | E280: HCS4485
A281: 281 | B281: Medline Ring Head Positioner (Ref: NON081141E) | C281: Patient Care / Hygiene / Comfort | D281: Patient care / comfort | E281: NON081141E
A282: 282 | B282: Medline Adult Head Positioner (Ref: NON081144) puple flat | C282: Patient Care / Hygiene / Comfort | D282: Patient care / comfort | E282: NON081144
A283: 283 | B283: Medline Supersoft Adult CO2 Cannula (HCS4565S) | C283: Anesthesia / Airway / Respiratory | D283: Airway / respiratory
A284: 284 | B284: Gas Sampling Line (Ref:DYNJAA04) Medline | C284: Anesthesia / Airway / Respiratory | D284: Airway / respiratory | E284: DYNJAA04
A285: 285 | B285: McKesson CO2 Sampling Cannula Adult (MFR# 16-0581) | C285: Anesthesia / Airway / Respiratory | D285: Airway / respiratory | E285: 16-0581
A286: 286 | B286: Hudson RCI Adult Nasal Cannula with 7ft Star Lumen Tubing (ref:1103) | C286: Anesthesia / Airway / Respiratory | D286: Airway / respiratory | E286: 1103
A287: 287 | B287: Hudson RCI Adult Nasal Cannula with Flared Nasal Tips (ref:1104) | C287: Anesthesia / Airway / Respiratory | D287: Airway / respiratory | E287: 1104
A288: 288 | B288: Medline/Hudson RCI Over-the-ear Nasal Cannula (ref:HUD1103) | C288: Anesthesia / Airway / Respiratory | D288: Airway / respiratory | E288: HUD1103
A289: 289 | B289: Medline Suture Removal Tray (Ref:DYNJ07254A) | C289: Kits / Packs / Procedure Trays | D289: Suture removal | E289: DYNJ07254A
A290: 290 | B290: Skinuva scar 50 mL | C290: Patient Care / Hygiene / Comfort | D290: Post-op skin/scar care
A291: 291 | B291: Skinuva scar + 50mL | C291: Patient Care / Hygiene / Comfort | D291: Post-op skin/scar care
A292: 292 | B292: CaviWipes (disinfecting towels) | C292: Cleaning / Disinfecting / Facility | D292: Cleaning / facility
A293: 293 | B293: Covidien Catheter Mount Extension Tube (Ref: 332U5115) | C293: Anesthesia / Airway / Respiratory | D293: Airway / respiratory | E293: 332U5115
A294: 294 | B294: Medline 40" IV Secondary set (Ref: DYNDTA1540) | C294: Needles / Syringes / IV Access | D294: Needle / syringe / IV access | E294: DYNDTA1540
A295: 295 | B295: Henry Schein Microbore Extension Set (ref:570-0884) | C295: Needles / Syringes / IV Access | D295: Needle / syringe / IV access | E295: 570-0884
A296: 296 | B296: MedStream 12" Extension Set Minibore (ref: MS438) | C296: Needles / Syringes / IV Access | D296: Needle / syringe / IV access | E296: MS438
A297: 297 | B297: Tongue Depressors (Ref: MDS202065) | C297: Diagnostics / Testing / Monitoring | D297: Diagnostic / test / monitoring | E297: MDS202065
A298: 298 | B298: Medipore 2" x 10YD/V white (Ref: 2862) | C298: Dressings / Bandages / Tapes / Skin Closure | D298: Dressing / bandage / closure | E298: 2862
A299: 299 | B299: First Call Tubing Tapered aspiration tubing (Ref:AR1159) | C299: Drains / Suction / Tubing / Canisters | D299: Drain / suction / tubing | E299: AR1159
A300: 300 | B300: Custom Medical Specialties Transition Tubing (Ref: CMS-1228) | C300: Drains / Suction / Tubing / Canisters | D300: Drain / suction / tubing | E300: CMS-1228
A301: 301 | B301: Medline Bag Decanter II (Ref:2002S) | C301: Drains / Suction / Tubing / Canisters | D301: Drain / suction / tubing | E301: 2002S
A302: 302 | B302: Medline Bag Decanter 9in (Ref:DYNJFEC09) | C302: Drains / Suction / Tubing / Canisters | D302: Drain / suction / tubing | E302: DYNJFEC09
A303: 303 | B303: Medline Electrosurgican tip cleaner (Ref: DYNJ01208) | C303: Surgical Instruments / Energy / Blades / Staplers | D303: Surgical instrument / energy accessory | E303: DYNJ01208
A304: 304 | B304: Cardinal Health Fabric Reinforced Surgical Gown L (Ref: 9511) | C304: PPE / Gloves / Masks / Staff Apparel | D304: PPE / staff apparel | E304: 9511
... A323: 323 | B323: CardinalHealth AMD Antimicrobial Packing Strips (Ref: 7832AMD) | C323: Dressings / Bandages / Tapes / Skin Closure | D323: Dressing / bandage / closure | E323: 7832AMD
A324: 324 | B324: Hook Lock Elastic Bandage 4" x 5 Yd (Red: 6611-40) | C324: Dressings / Bandages / Tapes / Skin Closure | D324: Dressing / bandage / closure
A325: 325 | B325: Lens & Screen Cleaning wipes (MedPride) MPR-41002 QTY:200/box | C325: Cleaning / Disinfecting / Facility | D325: Cleaning / facility
A326: 326 | B326: EENT Split Drape 3.5" x 24" Lvl 4 (Ref: DYNJP7001) | C326: Drapes / Covers / OR Linens | D326: Drape / cover / linen | E326: DYNJP7001
A327: 327 | B327: Medline Full Body Eye Drape Lvl 4 (Red: DYNJP7006) | C327: Drapes / Covers / OR Linens | D327: Drape / cover / linen
A328: 328 | B328: Split Drape with Adhesive 4x40" Lvl 4 (Ref: DYNJP8304A) | C328: Drapes / Covers / OR Linens | D328: Drape / cover / linen | E328: DYNJP8304A
A329: 329 | B329: Absorbent Tray Liner 20" x 25" (ref: 48139) Halyard | C329: Drapes / Covers / OR Linens | D329: Drape / cover / linen | E329: 48139
A330: 330 | B330: Tian Yin Chart ECG Recording Paper 50mmx20m | C330: Diagnostics / Testing / Monitoring | D330: Diagnostic / test / monitoring
A331: 331 | B331: Hair Brushes 7.5 In McKesson (MFR# 955) | C331: Patient Care / Hygiene / Comfort | D331: Patient care / comfort | E331: 955
A332: 332 | B332: Exel Safelet Catheter 22g x 1" (Ref: 26746) | C332: Needles / Syringes / IV Access | D332: Needle / syringe / IV access | E332: 26746
A333: 333 | B333: Exel Safelet Catheter 20g x 1.25" (Ref: 26742) | C333: Needles / Syringes / IV Access | D333: Needle / syringe / IV access | E333: 26742
A334: 334 | B334: Flexible fabric strips 1" x 3" 100/box (Ref:112-6133) | C334: Dressings / Bandages / Tapes / Skin Closure | D334: Dressing / bandage / closure | E334: 112-6133
A335: 335 | B335: Nurture Bathing Wipes pack | C335: Patient Care / Hygiene / Comfort | D335: Patient care / comfort
A336: 336 | B336: Surgical Face Mask with ties (ref: NON27378) | C336: PPE / Gloves / Masks / Staff Apparel | D336: PPE / staff apparel | E336: NON27378
A337: 337 | B337: Fluidshield 3 N95 Particulat filter respirator and surgical mask (ref: 46727) | C337: PPE / Gloves / Masks / Staff Apparel | D337: PPE / staff apparel | E337: 46727
A338: 338 | B338: BD Povidone iodine E-Z Scrub (ref:372053) | C338: Skin Prep / Scrub / Antiseptics | D338: Skin prep / antiseptic | E338: 372053
A339: 339 | B339: 4% CHG BD E-Z Scrub 107 (ref: 371073) | C339: Skin Prep / Scrub / Antiseptics | D339: Skin prep / antiseptic | E339: 371073
A340: 340 | B340: Scrub-In Surgical Scrub Brush (ref:DYND371603) | C340: Skin Prep / Scrub / Antiseptics | D340: Skin prep / antiseptic | E340: DYND371603
A341: 341 | B341: 70% Isopropyl Rubbing Alcohol Henry Schein (ref:1127067) | C341: Skin Prep / Scrub / Antiseptics | D341: Skin prep / antiseptic | E341: 1127067
A342: 342 | B342: Henry Schein Betadine Solution 10% Povidone-iodine 16 oz (Ref: 6906960) | C342: Skin Prep / Scrub / Antiseptics | D342: Skin prep / antiseptic | E342: 6906960
A343: 343 | B343: Ultrasound Gel Clear 8.5 oz Mckesson (MFR# 4963) | C343: Diagnostics / Testing / Monitoring | D343: Diagnostic / test / monitoring | E343: 4963
A344: 344 | B344: Wound & Skin Care Solution 16.9 fl oz (MFR# 186-6004) | C344: Skin Prep / Scrub / Antiseptics | D344: Skin prep / antiseptic | E344: 186-6004
A345: 345 | B345: Henry Schein 3% Hydrogen Peroxide Solution (Ref: 112-7069) | C345: Skin Prep / Scrub / Antiseptics | D345: Skin prep / antiseptic | E345: 112-7069
A346: 346 | B346: Webcol Alcohol Prep (ref:6818) Cardinal Health | C346: Skin Prep / Scrub / Antiseptics | D346: Skin prep / antiseptic | E346: 6818
A347: 347 | B347: Henry Schein Skin Stabler 35R (ref:5702957) | C347: Surgical Instruments / Energy / Blades / Staplers | D347: Surgical instrument / energy accessory | E347: 5702957
A348: 348 | B348: Octeni sept Wound Desinfection Spray | C348: Skin Prep / Scrub / Antiseptics | D348: Skin prep / antiseptic
A349: 349 | B349: Medline Skin Staple Remover (ref: DYNj04058Z) | C349: Surgical Instruments / Energy / Blades / Staplers | D349: Surgical instrument / energy accessory | E349: DYNj04058Z
A350: 350 | B350: Medline PTFE CTD Needle EXT INS 6" (ref: EST0016M) | C350: Surgical Instruments / Energy / Blades / Staplers | D350: Surgical instrument / energy accessory | E350: EST0016M
A351: 351 | B351: Skin Staple Remover Kit (Ref: DYNJ04062) | C351: Kits / Packs / Procedure Trays | D351: Kit / procedure tray | E351: DYNJ04062
A352: 352 | B352: 3M Durapore 1" x 10 yd (Ref: 1538-1) | C352: Dressings / Bandages / Tapes / Skin Closure | D352: Dressing / bandage / closure | E352: 1538-1
A353: 353 | B353: FitGuard touch Medium (ref:FG100M) | C353: PPE / Gloves / Masks / Staff Apparel | D353: PPE / staff apparel | E353: FG100M
A354: 354 | B354: Plus Cosmetic and Skinuva bag | C354: Patient Care / Hygiene / Comfort | D354: Post-op skin/scar care
A355: 355 | B355: Medline 35" IV Extension Set with 2 Needle Free Y-Sites (Ref: DYNDTN1516) | C355: Needles / Syringes / IV Access | D355: Needle / syringe / IV access | E355: DYNDTN1516
A356: 356 | B356: Medline 96" IV Gravity Set w/2 needle free Y-sites (Ref: DYNDTN1512) | C356: Needles / Syringes / IV Access | D356: Needle / syringe / IV access | E356: DYNDTN1512
A357: 357 | B357: Measuring Cup Plastic 230mL | C357: Specimen / Lab / Measuring | D357: Specimen / lab
A358: 358 | B358: GongDong Sterile Specimen Collector 90mL | C358: Specimen / Lab / Measuring | D358: Specimen / lab
A359: 359 | B359: 3M Lower Body Warming Blanket (Ref: 42568) | C359: Patient Care / Hygiene / Comfort | D359: Patient care / comfort | E359: 42568
A360: 360 | B360: Men's Black Briefs Disposable | C360: Patient Care / Hygiene / Comfort | D360: Patient care / comfort
...

Sheet Summary
A1: Category | B1: Count | C1: Notes
A2: Implants / Implant Accessories / Scaffolds | B2: =COUNTIF('By Category'!$A:$A,A2) -> 65 | C2: Breast implants, scaffold/mesh items, and implant insertion accessories.
A3: Sutures | B3: =COUNTIF('By Category'!$A:$A,A3) -> 69 | C3: Vicryl, PDS, Monocryl, Prolene, Ethibond, Ethilon, silk, gut, Quill, Stratafix, etc.
A4: Medications / Pharmaceuticals | B4: =COUNTIF('By Category'!$A:$A,A4) -> 89 | C4: Injectables, anesthesia drugs, emergency meds, antibiotics, peptides, eye drops, and other pharmaceuticals.
A5: IV Fluids / Irrigation Solutions | B5: =COUNTIF('By Category'!$A:$A,A5) -> 9 | C5: Lactated Ringer, saline injection/irrigation, BSS, and sterile irrigation solutions.
A6: Needles / Syringes / IV Access | B6: =COUNTIF('By Category'!$A:$A,A6) -> 36 | C6: Syringes, hypodermic/spinal needles, IV catheters, IV sets, extension sets, stopcocks, and blood collection sets.
A7: Anesthesia / Airway / Respiratory | B7: =COUNTIF('By Category'!$A:$A,A7) -> 33 | C7: Airway devices, endotracheal tubes, LMAs, cannulas, oxygen masks, circuits, laryngoscope, nebulizer, CO2 lines.
A8: Drains / Suction / Tubing / Canisters | B8: =COUNTIF('By Category'!$A:$A,A8) -> 25 | C8: Drains, Yankauers, suction/connective tubing, tubing connectors, suction canisters/liners, lipo tubing.
A9: Drapes / Covers / OR Linens | B9: =COUNTIF('By Category'!$A:$A,A9) -> 19 | C9: Drapes, covers, sheets, bed/table covers, underpads, and OR linens.
A10: Gauze / Sponges / Towels / Applicators | B10: =COUNTIF('By Category'!$A:$A,A10) -> 11 | C10: Lap sponges, gauze sponges, OR towels, cotton applicators, tonsil/peanut sponges.
A11: Dressings / Bandages / Tapes / Skin Closure | B11: =COUNTIF('By Category'!$A:$A,A11) -> 32 | C11: Pads, Tegaderm, Xeroform, Kerlix, tapes, bandages, skin strips, Dermabond, packing strips.
A12: PPE / Gloves / Masks / Staff Apparel | B12: =COUNTIF('By Category'!$A:$A,A12) -> 22 | C12: Exam/surgical gloves, caps, shoe covers, surgical gowns, masks, N95 respirators.
A13: Patient Garments / Compression / Supports | B13: =COUNTIF('By Category'!$A:$A,A13) -> 11 | C13: Stockings, binders, post-surgery bras, SCD/calf compression supports.
... A22: Uncategorized / Review | B22: =COUNTIF('By Category'!$A:$A,A22) -> 1 | C22: Items needing manual confirmation.
A24: Total inventory items | B24: =SUM(B2:B22) -> 508

Sheet Categories
A1: Category
A2: Implants / Implant Accessories / Scaffolds
A3: Sutures
A4: Medications / Pharmaceuticals
A5: IV Fluids / Irrigation Solutions
A6: Needles / Syringes / IV Access
A7: Anesthesia / Airway / Respiratory
A8: Drains / Suction / Tubing / Canisters
A9: Drapes / Covers / OR Linens
A10: Gauze / Sponges / Towels / Applicators
A11: Dressings / Bandages / Tapes / Skin Closure
A12: PPE / Gloves / Masks / Staff Apparel
... A22: Uncategorized / Review
